# ESP32-S3 N16R8 – 16 MB flash, dual LittleFS partitions
# spiffs    = web static files (uploadfs writes here, ~1 MB)
# userdata  = user data / config (never touched by uploadfs, ~2.25 MB)
# Name,     Type, SubType,  Offset,   Size,     Flags
nvs,        data, nvs,      0x9000,   0x5000,
otadata,    data, ota,      0xe000,   0x2000,
app0,       app,  ota_0,    0x10000,  0x650000,
app1,       app,  ota_1,    0x660000, 0x650000,
spiffs,     data, spiffs,   0xcb0000, 0x100000,
userdata,   data, spiffs,   0xdb0000, 0x240000,
coredump,   data, coredump, 0xff0000, 0x10000,
